{"cameraMode":{"drawMode":0,"name":"Shaded","section":"Shading Mode"},"sceneLighting":false,"audioPlay":false,"sceneViewState":{"m_AlwaysRefresh":false,"showFog":true,"showSkybox":false,"showFlares":true,"showImageEffects":true,"showParticleSystems":true,"showVisualEffectGraphs":true,"m_FxEnabled":true},"in2DMode":false,"pivot":{"x":6.190474033355713,"y":2.0668704509735109,"z":0.38259148597717287},"rotation":{"x":0.008573736064136029,"y":0.9099466800689697,"z":0.018829718232154847,"w":-0.4142409563064575},"size":9.98758602142334,"orthographic":false}