{"cameraMode":{"drawMode":0,"name":"Shaded","section":"Shading Mode"},"sceneLighting":false,"audioPlay":false,"sceneViewState":{"m_AlwaysRefresh":false,"showFog":true,"showSkybox":false,"showFlares":true,"showImageEffects":true,"showParticleSystems":true,"showVisualEffectGraphs":true,"m_FxEnabled":true},"in2DMode":false,"pivot":{"x":5.849617004394531,"y":1.9353816509246827,"z":0.9276072978973389},"rotation":{"x":-0.011895579285919667,"y":0.9850011467933655,"z":-0.07580657303333283,"w":-0.15461601316928864},"size":4.64799165725708,"orthographic":false}